{"Antioquia": {"P. Global": 248.19036478332885, "C\u00f3digo": 5}, "Atlantico": {"P. Global": 246.87777219666071, "C\u00f3digo": 8}, "Bogota": {"P. Global": 271.40932065606546, "C\u00f3digo": 11}, "Bolivar": {"P. Global": 233.1623781474975, "C\u00f3digo": 13}, "Boyaca": {"P. Global": 263.78842336540646, "C\u00f3digo": 15}, "Caldas": {"P. Global": 251.57684018854226, "C\u00f3digo": 17}, "Caqueta": {"P. Global": 238.86059970014992, "C\u00f3digo": 18}, "Cauca": {"P. Global": 235.02259233825052, "C\u00f3digo": 19}, "Cesar": {"P. Global": 241.70981542479583, "C\u00f3digo": 20}, "Cordoba": {"P. Global": 239.48898678414096, "C\u00f3digo": 23}, "Cundinamarca": {"P. Global": 259.9611497487708, "C\u00f3digo": 25}, "Choco": {"P. Global": 210.54912096339004, "C\u00f3digo": 27}, "Huila": {"P. Global": 251.5867869885337, "C\u00f3digo": 41}, "La Guajira": {"P. Global": 226.09846417712637, "C\u00f3digo": 44}, "Magdalena": {"P. Global": 227.28400462653332, "C\u00f3digo": 47}, "Meta": {"P. Global": 252.95318824854985, "C\u00f3digo": 50}, "Narino": {"P. Global": 250.7955791012057, "C\u00f3digo": 52}, "Norte Santander": {"P. Global": 256.7598488502975, "C\u00f3digo": 54}, "Quindio": {"P. Global": 254.3539787088799, "C\u00f3digo": 63}, "Risaralda": {"P. Global": 255.90793925938237, "C\u00f3digo": 66}, "Santander": {"P. Global": 264.16192493223247, "C\u00f3digo": 68}, "Sucre": {"P. Global": 239.07900026724607, "C\u00f3digo": 70}, "Tolima": {"P. Global": 245.12965032256142, "C\u00f3digo": 73}, "Valle": {"P. Global": 252.95683604212573, "C\u00f3digo": 76}, "Arauca": {"P. Global": 245.2500205710524, "C\u00f3digo": 81}, "Casanare": {"P. Global": 250.57739013316535, "C\u00f3digo": 85}, "Putumayo": {"P. Global": 240.81423716470445, "C\u00f3digo": 86}, "San Andres": {"P. Global": 240.87065067819933, "C\u00f3digo": 88}, "Amazonas": {"P. Global": 220.65835175244712, "C\u00f3digo": 91}, "Guainia": {"P. Global": 231.06371849738468, "C\u00f3digo": 94}, "Guaviare": {"P. Global": 233.12253653304734, "C\u00f3digo": 95}, "Vaupes": {"P. Global": 215.5559027777778, "C\u00f3digo": 97}, "Vichada": {"P. Global": 229.8330004992511, "C\u00f3digo": 99}}